text,int_score
"workshop OM SAMMENSÆTNING OG UNDVÅGNING 2019 Mixtur, åbner op for workshop om komposition og lydeksperimentation, der vil finde sted fra den 25. april til den 5. maj 2019. Komponisterne inviteret på denne udgave er Agustí Charles, Stefano Gervasoni, Silvina Milstein, Tristan Murail, Michael Obst og Stefan Prins. Vi vil også have mange ensembler og solist, der vil samarbejde på læsesessioner og koncerter. Vi regner også med kendte ensembler til at samarbejde om læsesession og koncerter. 1. En individuel klasse med en resident komponist for deltagere i workshop A eller B. Deltagere i workshops A og B er berettiget til to individuelle klasser. 2. Instrumental eller elektroakustisk eksperimentering: - Instrumental: læsning session eller et stykke spillet af en af en af de bosiddende ensembler eller af workshop performere. Mixtur vil tildele en mulighed og instrumentet/s til hver deltager. * Finisherede værker, fragmenter af stykker eller arbejder i processen vil blive accepteret i begge tilfælde.",1
"Mit næste fotobillede på Bas Bleu Theatre er på vej op. Det vil være den 3. og 4. marts (som gør det tirsdag og onsdag). Starttiden er ikke før kl. 2 om morgenen, sluttiden er når vi bliver trætte. Alle de sædvanlige ting. Du kan se nogle snige billeder fra et tidligere skud på dette sæt her. Kontakt mig hvis du vil spille eller hvis du har spørgsmål. Du kan også efterlade en kommentar på denne side og jeg vil få det & svar. Jeg vil have at vide hvilken dag du vil deltage og omkring hvilken tid du vil ankomme. Alle modeller skal underskrive en modeludgivelsesformular.",0
"Miss u digte i hindi for kæreste Abdut warpaint råder dem til at få en virtuel. Speed dating sites wellington - Hauling arbejdsgiveren i at gøre tjenester og finde en lightpatakl er blevet pigefruend tredje part, tre muligheder charlottetown hastighed datering af En peeved ligesom porno virkelig, 15 dating hastighed dating - rex dating. Ricardo montalban coasting Frankish Hard Hans van spændet syv udsagn, hvor han blev til fot for mange skelnende forestillinger i en dating hundi genrer, girlfriend nye og komme til musikals og energi. Skill Colter paolo ops 2 Mignon Black ops 2 propel baseret matchmaking seksuel Hendes tresome sted Miss u poems i hindi for kæreste fsat. Blanding tre tre maj pigefiler bånd antallet af liv. Speed dating petroglyphs well - Anuling den forskellige i handel og farten finder en pige pande køretøjer har været tredi på tredi dating dates.",1
"Så, lad os gå, Jeg er bare at gå til at hoppe på min computer. Alle de øverste bygherrer i nationen forsøger at få deres hænder på land i Wesley Chapel. Og så vi kommer til at gå op disse tilbage trapper og være tilbage i familieværelset område. Smart Lighthouse Manor metoder i uk. Det er mit vigtigste punkt. Meget bekvemt for at gøre vasketøj og ikke at skulle slæbe det op og ned ad trappen. Dine børn vil virkelig elske dette! Fra køkkenet kokken til de rummelige indendørs og udendørs stue områder, dette hjem blev lavet til underholdning og sælger komplet med alle møbler. Der er også 3 store soveværelser beliggende i ovenpå hjemmet sammen med en stor størrelse spilrum. Square footage spænder fra 10.000 kvadratmeter på over 2 hektarer jord til begynderhuse på den sydlige ende af byen med 2000 kvadratmeter af levende plads og 1/4 hektar jord.",1
"I 25 år, Tahira Wilson har arbejdet på Benjamin Rose Institute på Aging i Cleveland. Hvad du har brug for at vide - seniorer er på en høj risiko for at være målet for en fidus, især dem, der bytter på følelser - Data fra Federal Trade Commission sagde romantik svindel især var op 80% i 2021 i forhold til 2020 - På grund af tendensen, en Cleveland-baserede nonprofit er at udvikle en peer support gruppe for ældre voksne, der er blevet påvirket af cyberkriminelle!Jeg elsker at se klienten sætte den indsats for at være i stand til at bo i deres hjem uafhængigt. Må det være bare at lade os i at give dem støtte, sagde hun. Wilson er en mental sundhed case manager, der arbejder en-on-one med senior borgere i deres hjem.",2
"Dette er det første billede af det sorte hul i midten af vores galakse Det ser måske ikke ud af meget, men dette sløret orange-og-sorte billede er det supermassive sorte hul i hjertet af vores Mælkevejen galakse, som er blevet afbilledet for første gang. Selv om det sorte hul selv, kendt som Sagittarius A*, er helt mørkt, det er omkranset af en lyse ring af glødende gas, der er blevet forvrænget af sin egen tyngdekraft. Det blev fanget af Event Horizon Telescope Collaboration, det samme globale team, der tog det berømte første-ever billede af et sort hul inde i Messier 87 (M87) galaksen i 2019. Læs hele historien. Qu TIROTE af dagen •Jeg ønsker at vende tilbage til min familie • og ikke i en kiste.",2
"Er du medlem af gruppen af mennesker, der ønsker at spille 3D sex spil med sexede modeller? Hvis du er i en lang afstand forhold, du nødt til at nyde et par af dem, da ved at gøre dette, du er i stand til at knalde din sexede kæreste online. Ville helt sikkert du gerne prøve de populære interaktive 3D sex spil denne aften? En masse frække ting, du kan se lige der, ligesom: kugler sutte, dybtroat sorte pik blowjobs, vidunderlige lesbiske sex, flere sex indstillinger i bedste gratis 3D sex spil, frisk fisse spise, ond dominans sex, mange indendørs sex steder, røv kneppe og body rodet sperm skudt, og mange andre. Det betyder ikke noget, hvor hun forbliver lige nu, anden by eller en særskilt region. Du bør forstå, at det ikke er muligt at finde gratis online 3D sex spil APK og Android pakke, fordi spillet blev lavet kun for PC. 3D-spil download forlængelse pakke fyldt med fod fetish handling med fet med fetich med fetiching med fetching, fetching, fetching, fetching, fetours, fetours, fetch foots, fetch foots, fetch foots, coots, coots, coots, coots, coots, coots, sex, sex, sex foots, sex foots, sex, sex, sex, sex, sex foots foots, sex, sex sex sex sex sex sex sex sex sex sex sex sex sex sex sex sexs og Andr, sex sex sex sex sex sex sex sex sex sex sex sex sex sex sex shows, sex sex sex sex sex sex spil, sex sex sex sex sex sex sex sex sex sex sex sex sex sex sex shows, shows, sex sex sex sex sex sex sex s",0
"Star Wars: Den sidste Jedi introducerede os til mange fantastiske skabninger. Den yndige Porg vandt hurtigt hjerterne af mange. Men hvad er forbindelsen mellem Porgs, Lunder og Skellig Michael? Men før jeg dykke ind i de mange grunde, hvorfor vi elsker Porgs, hvad er forbindelsen mellem disse søde wee skabninger og Luffins? Lunder på Skellig Michael, Kerry I et interview med IMBD, direktør og producent Rian Johnson, diskuterede hans erfaring på Skellig Michael. Der mødte han Lunder, smukke havfugle, der reder på klipperne på disse craggy øer. Det er nemt at se fra ovenstående, hvordan denne farverige skabning inspirerede denne nye Star Wars skabning. Skellig Michael, en UNESCO World Heritage site, er en havn for sådanne fantastiske skabninger, og vi har Luffins og den fantastiske design team på Star Wars: Den sidste Jedi til at takke for denne mægtige nye tilføjelse til Stars Univers.",2
"Brexfast var alt for sent i morges. Men det er ikke alt. Siden vi flyttede ind i dette hus, Brexfast har været tættere på 7:00 eller 7:30 end de 6:00 jeg har været vant til. I morges, han efterlod sin telefon med alarmer i det andet værelse, så han ikke hørte det. Det hjælper ikke, at det er overskyet, og at Sunrise er først omkring 7:30, så solen ikke vækker ham op. Jeg gik selv hen og spindet af hans ansigt og han bare kæle mig uden at stå op. Så endelig, omkring 9:00 i morges, han får op til at fodre mig. Så han opdager, at der stadig er anden halvdel af sidste nats middag i dåse. Han har været at bryde det op for nylig, fordi nogle gange jeg forsøger at spise for meget for hurtigt og det kommer op igen. Tja, han fodrede mig halvdelen af min middag i aftes, men han glemte at give mig den anden halvdel. Ja, masser af omgange og katte fik en masser til at sove.",1
"Opvaske væske æble 500 gr Opvaske væske æble 500 gr med glycerin Alev Opvaskevæske 500 g. og 700 g. fås i citron, appelsin, æble og jordbær duftende versioner. På grund af Glycerin i sin formel er dine hænder beskyttet mod tørhed. En fordel ved dette produkt er, at det fjerner fedt og er skyllet ud nemt. 3,3 kg. 4,5 kg. og 20 kg. containere af Alev Opvaskevæske er meget effektive med hensyn til tid og budget",1
"Mohammad Al Sharekh George Bahgory, 2001 Mange af værkerne i Mohammed AlSharekhs kollektion blev skabt af livslange venner, der fylder sit hus med fælles historier og glade minder. Det er en samling, som måske uoverraskende, fokuserer på arbejde af egyptiske kunstnere. Samlingen består for det meste af Post Modern Arab kunst med fokus på kunstnere fra Egypten, der spænder over 50 år.",1
"Hver af parterne skal holde den ikke-forfølgende part underrettet om enhver aktivitet i forbindelse med den forfølgende part. Hver af parterne skal holde den ikke-forfølgende part underrettet om patenter, der dækker de licenserede kombinationer i det licenserede kombinationsfelt, ved at gøre bedst mulig brug af at give den ikke-forfølgende part: i) med et udkast til nye ansøgninger og udenlandske arkiveringsdokumenter mindst tredive (30) arbejdsdage før den påtænkte indgivelse; ii) straks med kopier af alle officielle handlinger, ændringer og svar, som påvirker omfanget af eventuelle krav; iii) med planlagte ændringer og svar på officielle handlinger, der påvirker omfanget af ethvert krav mindst fem (5) arbejdsdage før datoen for handlingen. Hver forfølgende part skal med rimelighed overveje ikke-forfølgende part eller dens affilierede bemærkninger med hensyn til sådanne aktiviteter, men ellers have ene skønsbeføjelse med hensyn til forberedelse, indgivelse, retsforfølgning og vedligeholdelse af den pågældende part.",1
"Fra bycentre til større offentlige infrastrukturprojekter leverer AMRON effektivt kommercielle projekter med flere millioner dollars. Fra koncept til færdiggørelse udvikler og administrerer AMRON alle aspekter af projektet og daglige operationer. AMRON letter effektivt: værditeknik og nøjagtig vurdering, personaleudnyttelse, projekt strømliner og tidsplan overholdelse. AMRON maksimerer konsekvent magt og materialeudnyttelse for optimal effektivitet via fremragende kommunikation og analytiske færdigheder. AMRON forstår klientbehov i Hollywood og er velbevandret i at identificere forhold, der kan skabe omkostningsoverskridelser. Med AMRON's evne til at visualisere det afsluttede projekt forud for starten, er AMRON faktorer faktiske omkostninger og budgetbegrænsninger i designfasen, sikre på budget, on-time færdiggørelse",1
"Prøver du på måder, hvordan komme i gang med blomst havearbejde? Har du har fået en favorit blomst, som du har altid ønsket at udvikle? Du vil uden tvivl nødt til at opdage en række flere typer af planter, herunder buske, vinstokke, gulvbetræk, stauder, enÃ¥rige, og endda buske, hvis du har et hus. I tilfælde af planter og blomster, behøver du ikke at tænke over ikke kun æstetik, men derudover kravene til enhver form for plante, ud over deres stÃ ̧rrelse. Ønsker du at støtte din lokale økosystem med indfødte planter? Du kan vÃ¦lge plantearter, der tjener en bestemt operation, som at give skygge, privatliv, eller en windbreak. Hvis du kommer til at omfatte en vegetabilsk have, det er nÃ ̧dvendigt at overveje, hvad du kan lide at spise, og hvad du vil vÃ¦lge. Vi har alle endt op med god zucchini at fodre en lille nation...., og hvad du âll har tid til at holde op.",2
"Den nat han kastede ud den første pitch på Fenway. (Stan Grossfeld/Globe Staff) ~ Talsmand for årsag Grundlægger Starr er Pan-Mass Challenge ~s største hjul MT. WASHINGTON, N.H. - Billy Starr kan ~t hjælpe sig selv. Det er ikke nok, at den 58-årige grundlægger og administrerende direktør for Pan-Massachusetts Challenge cykling op Mount Washington om morgenen og smider den første pitch i Fenway Park i aften. Nej, Starr kan ~t selv have en 7 o ~clock morgenmad på foden af bjerget uden at forsøge at søde tale en anden cyklist til at deltage i den 30. Pan-Mass Challenge Aug. 1 og 2 til at hæve penge til at helbrede kræft.",1
"Isabelle Glachant startede som journalist for det franske tv-selskab Canal+ og begyndte sin karriere i biografen som executive producent af Shanghai Dreams af Wang Xiaoshuai (Jury-prisen på Cannes Film Festival 2005). Siden da har hun deltaget i de fleste af Wang Xiaoshuai-film, herunder ""Red Amnesia"" (Venice Film Festival 2014) og ""Chinese Portrait"" (Taipei Golden Horse Film Festival 2018). Hun har også arbejdet med direktører som Li Yu, Lu Chuan, Lou Ye og Mouly Surya. Glachant grundlagde i 2014 salgsselskabet Asian Shadows, som repræsenterer internationalt asiatiske film som ""Kommer hjem igen"" af Wayne Wang, ""Marlina the Murderer in Four Acts"" af Mouly Surya, ""Village Rockstars"" af Rima Das og ""Thre Sisters.""",1
"IntroduktionCryptocurrency er en digital valuta, der bruges til at udføre finansielle transaktioner. Det svarer til normale penge, som du og jeg bruger. I stedet, hver transaktion er verificeret af minearbejdere, der kører speciel software på deres maskiner til at kontrollere blokkæden (den offentlige hovedbog af alle Bitcoin transaktioner).Hvad er Cryptocurrency?Cryptocurrencies er en type digital valuta, der bruger kryptografi til at sikre transaktioner og kontrollere oprettelsen af nye enheder. Cryptocurrencies er ikke fysiske, men digitale aktiver gemt på en blokchain, der kan overføres mellem mennesker. Bitcoin er den mest populære cryptocurrency, men der er nu omkring 2.000 tilgængelige online (og mere hver dag). Hver enkelt har forskellige attributter, der gør det mere tiltalende for investorer eller brugere end andre; dog, der vil altid være ligheder på tværs af alle cryptocurrencies, fordi de deler fælles karakteristika: Importans af Cryptocurrency Cryptocurrency Cryptocurrency er en ny form for valuta, som bruger kryptocurrency er en digital valuta, der anvendes til at sikre transaktioner, der bruges til at sikre transaktioner.",3
"Jo bæver fingerblivende for mig tid til hans, og sagde lovlig eller spisestue. Åh ja piger en helvedes flået strømpebukser, festligt jeg kom over min finger. Var i hende ud, trække dem gennem sofaen. Beundre at forblive indlysende mr herbert fra familie fyr så rå de havde gradvist vasket hende. At ankomme til vores meget ordrige udtryk på min sufa varme sensing det er permanent.",0
"- Jame of Thrones, kaptajn, kaptajn, kaptajn, kaptajn, kaptajn, kaptajn, kaptajn, kaptajn, kaptajn, kaptajn, kaptajn, kaptajn, kaptajn, kaptajn, kaptajn, kaptajn, kaptajn, kaptajn, kaptajn, kaptajn, kaptajn, kaptajn af De Syv. Religionen tror også på syv himle. Folk i Westeros refererer ofte til ""syv helvede"" som et ekspletivt. De syv helvede blev skabt af guderne som straf og pine for syndere, der ikke angrer deres syndere, og som er dybere end de sidste. De fordømte kan brænde i syv helvede, som menes at være varme i stedet for frosne.",2
"og også den detaljerede inpatient stof afhængighed procedure, som vi tilbyder på Priory, stofmisbrug terapi vil også blive leveret på en ambulant eller arbejdsdag behandling fundament, i henhold til dine specifikke krav og forudsætninger. Stof-associerede sygdomme er vedvarende, indviklede lidelser, der har brug for udvidet, intensiv procedure. Typen af stof involveret sammen med sværhedsgraden fra vane vil diktere systemet for behandling Denne cyklus af konstant omtale af stoffet kan føre til begivenheden af en destruktiv lægemiddel afhængighed i stedet for one-off ~ adfærd. De tolv-action filosofi leverer en liste over vejledende regler for din vane behandling og rehabilitering rejse, og fokuserer på din motivation til at ændre din vanedannende adfærd og skadelige antages procedurer, selvom også trække på aspekter af spiritualitet. nuværende psykiske problemer - du kan være i større risiko for at etablere en afhængighed af stoffer, hvis du i øjeblikket bekæmper en ubehandlet psykologisk velvære problem for i",2
"Gennem sin arbejdsgiver, Robert W blev rådgivet til at komme i kontakt med vores Managed Healthcare Services team til at hjælpe ham med at få adgang til behandling for hans invaliderende klynge hovedpine. Han beskriver hans sag historie: â € œCluster hovedpine er anerkendt som en af de mest smertefulde betingelser i mennesker. Det har et øgenavn som â € œsuicideâ € hovedpine, på grund af sin alvorlige og uophørlige anfald af smerte. I de seneste år er jeg blevet behandlet med occipital nerve blokke på Royal Stoke University Hospital for at reducere mængden, længden og styrken af angrebene. Jeg blev derefter henvist til Worcester NHS Trust, men desværre på grund af Covid-19, en eller anden måde faldt ud af systemet. Jeg begyndte at lide forfærdeligt med mange angreb hver dag. Kan ikke fungere på arbejde eller hjemme, Jeg talte til min direkte Line Manager og vores senior OH Læge, der derefter henviste mig til BHSF. Jeg blev kontaktet på telefonen på den dag, og de fik mig tilbage til Royal Stoke University Hospital i uger. Nogle patienter har i løbet af 45 uger.",2
"Europæisk indflydelse af poker sluttede, da jokeren blev indført som et wild card i 1875. I løbet af den vilde vestlige periode af USA historie, en saloon med en Poker bordet kunne findes i næsten hver by fra kyst til kyst. Det var ekstremt populært under borgerkrigen, når soldaterne af begge hære spillede. Gone ~ faktisk, den allersidste overlevende placering af den engang-ubizitous kæde bare lukket ned, mærkning slutningen af en æra. Amerikanere har været at spise ude så længe der har været en USA, men det var ikke indtil efter Anden Verdenskrig, fastfood og Når du har næsten alle spørgsmål om hvor som helst samt den bedste måde at bruge cryptocurrency, du kan e-mail os med web-siden. sit-down restaurant kæder blev en del af den nationale stof. I løbet af årtier, smag har ændret, bitcoin og ikke alle vores foretrukne restauranter har holdt trit.",2
"Hvis du søger efter kautionsobligationer i orange amt og omkring amter i det sydlige Californien: Kig ikke længere. Du vil finde det på Binder's Bail Bonds! Nedenfor er nogle oplysninger, der vil hjælpe dig med at forstå mere om kaution obligation. Hvordan kan kaution arbejde? Når en person er arresteret for en forbrydelse, typisk, at personen vil blive taget til en lokal retshåndhævende station til booking, før indespærring i en station lock-up eller amt fængsel. Når anholdt og booket, den anklagede har flere muligheder for frigivelse indtil afslutningen af hans eller hendes sag. Bail er designet til at garantere udseendet af en anklaget i retten på det tidspunkt, dommeren Hvad er de frigivelse muligheder, hvis nogen er arresteret? Der er fem grundlæggende frigivelsesmuligheder til rådighed. De fem Cash Bail - Cash bail betyder, at en person skal give retten det samlede beløb af kaution i kontanter. Pengene vil blive afholdt af retten, indtil den anklagede vises til alle hans / hendes sag og sagen er afsluttet.",2
"Hvad driver tilsyneladende almindelige, veljusterede medlemmer af vores samfund til at deltage i sadistisk adfærd? Det er det almindelige spørgsmål, jeg fandt mig selv spekulerer over hele igen, da jeg opdagede MonkeyHateGate. Dybt i tarmen af YouTube er et samfund dedikeret til et fælles had til... aber baby. Hvem er disse mennesker, og hvorfor hader de aber? Alvorligt, de er bedårende. Right? Venligst ikke fortælle mig, at du hader aber også. Uh oh. Jeg håber, at vi ikke kommer til at have et problem her. Ja, ved første øjekast, hele denne ting lød helt latterligt for mig. Jeg konkluderede straks, at det må have været en anden dum YouTube kommentar mig... Jeg håber, at vi ikke kommer til at have et problem her. Ja, ved første øjekast, hele denne ting lød helt latterligt for mig.",0
"Dette kunne så have været en ""ikke mig!"" Mandag indlæg, fordi jeg kan næsten ikke tro, at jeg var denne form for kone i denne uge. Men det er så sørgeligt, at jeg troede, det fortjente det eget indlæg. Scott for nylig havde en fødselsdag. Det var tradition, at på hans fødselsdag som barn han fik en chokolade eclair. Da vi blev gift, jeg bar på denne tradition ved at besøge et fransk bageri dagen før hans fødselsdag og købe ham en chokolade eclair (eller to) til morgenmad på morgenen af hans fødselsdag. I år tog jeg slacking til et helt nyt niveau for Scotts fødselsdag. Jeg planlagde at købe ham eclairs dagen før. Jeg sværger jeg var. Men han spurgte mig om det og havde besluttet, at han ønskede at gøre sin egen eclairs. Så dagen før hans fødselsdag, han kiggede op en opskrift og købte ingredienserne. Om morgenen af hans fødselsdag, han spurgte drengene til ""hjælp"" og satte om hans egne eclairs. Ja, min mand lavet en egen fødselsdag behandling.",0
"Omkring 73% af det synlige universs' masse er i form af hydrogen. 2 idé om atomets struktur. Det er trods alt blot et naturligt mineral, en sten gravet fra jorden. Det indeholder ingen giftige elementer eller forbindelser. Johann Dobereiner (tysk kemiker, 1817) Han bemærkede, at nogle sæt af tre element viste en lighed i deres egenskaber. Fotografier og beskrivelser af mange prøver af elementet Silicon i det periodiske bord. Det var først i 1940 da de første syntetiserede elementer (dvs. plutonium) blev skabt af kemikeren Glenn Seaborg. Historien om det periodiske bord er også en historie om opdagelsen af de kemiske elementer. De teoretiserede, at alle stoffer var lavet af grundlæggende byggesten, men arten af disse blokke var genstand for voldsom debat. Klik på 'udvikling af det periodiske bord' for at lære om de videnskabsfolk, der er involveret i tabellens skabelse. Undersøgelsen er den første til at forsøge at beregne stjernernes oprindelse af alle naturligt forekommende elementer fra det synlige univers masse er i form af brint.",4
"Ofte, en hel masse af en conducts undersøge om videospil indeholder specifikke om de utilsigtede virkninger ved at bruge mange af disse aktiviteter, og især resultaterne involverer udførelse af alvorlige videospil. Denne tilgang forskere har givet indsigt gennem de teknikker, der allerede findes karakteristika kan resultere i en række studerende virkelig være sårbare over for negative virkninger vedrørende videospil, selv om der er behov for mere dybtgående undersøgelser. Mere og mere, indtryk om trigger-glade videospil er det opfattes som ud af en smule mere nuancerede potentielle ved hjælp af en og tidsskrift tilbøjelighed sammen med den øgede eksponering af brugen af kliniske muligheder fra ud og ud aggression kan muligvis hyperbolise interaktioner vedrørende videogame rasy og ud og ud aggression, i stedet for effektivt forudsige den virkelige verden behavior. På samme måde var der videnskabelige undersøgelser bekymret over patologiske spil.",3
"Janet Song, Chemical and Physical Biology Concentrator i Quincy House, Class of 2013 Denne sommer (som med de sidste 2 somre og 2 skoleår), Jeg er arbejder i Macklis laboratoriet i Institut for Stem Cell og Regenerative Biology (SCRB) takket være finansiering fra Harvard College Research Program. Jeg er en stigende senior koncentration i Kemisk og Fysisk Biologi, der elsker at se fodbold, spillekort, og spisefroyo. Jeg studerer corticospinal motor neuroner (CSMN), som er neuroner, der styrer frivillig bevægelse ~ ligesom at bevæge dine arme eller ben. CSMN er placeret i neocortex (den threat cerebrale cortex; der threats den del af hjernen, der gør os menneskelige) og udvide axons gennem hjernen og ned gennem rygmarven for at skabe forbindelser på alle niveauer af hjernen og spinal ledning, fra de kontrollerende centre for hjernen til cervikal ledning placeret specifikt på vores nakken, der exp er interesseret i naven er interesseret karakter.",2
"Collision og Sinking af CORTLAND og MORNING STAR Carrie Sowden har en passion for hendes nautiske arkæologi profession. Hun bragte stimulerende entusiasme til hendes præsentation af en Lake Erie katastrofe sker 140 år siden. På en meget mørk juni nat i 1868, brig CORTLAND østgående fra Detroit og den side-hjulede damper MORNING STAR vestgående fra Cleveland kolliderede otte miles ud Avon Point. MORNING STAR sank i femten minutter. CORTLAND opholdt sig flydende i en time og en halv, før slå sig ned til bunden. 30 otte mennesker døde i kollision eller druknede på stedet. Carrie, der er en dykker og forbundet med Great Lakes Historical Society i Toledo, Ohio finder denne katastrofe for at have en særlig fascination. Nyhedsblade af dagen touted CORTLAND lanceret kun ti måneder tidligere i august 1867 som en af de fineste skibe bygget på søerne. Det koster næsten to gange som et konventionelt skib. Det var det største skib.",3
"Vi var godt repræsenteret på messen sidste weekend. På vores stand solgte vi lodsedler på tæppet, vi donerede til Fair Board som fundraiser. Anne minder denne fyr om, at han skal udskrive pænt. WEDNESDAY OKT. 14/09 Gå ikke glip af denne ene! Albert Cote fra Patchwork Porch vil diskutere UGLY FABRIC og han vil gøre en lille demo ved hjælp af stofrester, vi alle medbringer. Husk at medbringe din egen kaffe krus. Susan og Colleen er ansvarlige for godbidder i denne måned, og jeg ved, at de begge er fabelagtige bagere!",0
"At finde en stribe af det legendariske hegn jeg sendte hende, hun var at være med hans biz. Dialogen du gav ham ren fornøjelse skiftede til materiale vilje var brainy, virksomheder. Efter de stak mine billeder for evigt, talte for at vide, at dette særlige vi er skilt en person. Han mørke sjæle 3 bueskytter kæmpe har en slave skridt til en duo afsløre landet. Vi giver mig til at sidde meget mørt stykke hun var villig til at udføre mere. Hendes mitt børste min lilla og jeg lå mellem min kammerat. Hun kan fornemme pænere udsigt på en fem til sidde godt mørke sjæle 3 bueskæg nu hævet medlem.",0
"Ingen optegnelser fundet for din nuværende søgning. Personlige oplysninger: Nogle licenserede ressourcer giver dig mulighed for at oprette en personlig konto med henblik på at oprette mapper, gemme søgninger, og downloade hele e-bøger samt andre personlige tjenester. Vær opmærksom på, at de personlige oplysninger, du videregiver til disse og andre eksterne hjemmesider kan gemmes på servere placeret uden for Rusland. Når du bruger disse tjenester, er der ingen personlige oplysninger om dig indsamlet af eller for universitetet. Russiske love om privatlivets fred gælder ikke for personlige oplysninger, du giver direkte til disse eksterne hjemmesider. Vi anbefaler, at du gennemgår fortrolighedspolitikken for disse og andre eksterne hjemmesider, før du bruger tjenesterne.",0
"Som mine øjne bliver fyldt med den grønne scene, sammen med den voksende varme vejr, det kun validerer det faktum, at sommeren er lige ud over horisonten. Oplevelserne en smuk dag bringer, skubber mig til at stoppe og værdsætte, hvad der er foran mig. Da temperaturen tippede over 70 grader i weekenden, Jeg ønskede at have nogle sjove og bryde ud blonde med et sødt par kiler! Bare et sjovt tip; iført blonder er perfekt til dage, hvor du ønsker at vise nogle hud uden sårbarheden af følelsen for udsat. Som sommeren nærmer sig, spændingen intensiveres, fordi jeg ved, at det betyder, at jeg kan sætte sammen stykker, der repræsenterer sommer-fun! Jeg tror, det er om tid jeg kan erstatte min vinter garderobe med nogle lyse, sommerfarver... Dont ya tror?!",0
"Børn armbånd med kabel kæde (13 cm) Lille ehtisk hakkede ædelsten Ø 2mm Rund plade Ø 6mm 14kt genbrugsguld Håndlavet i Antwerpen Giv dit armbånd et personligt præg ved at vælge stenen. Vælg din favorit farve, vælge efter betydningen eller måneden denne sten symboliserer. Giv dit armbånd et personligt præg ved at tilføje en gravering (f.eks: dine initialer, et navn, en dato...). Hvis du ikke ønsker en gravering, skal du vælge 'ingen'.",0
"En Systems Engineer er en person, der designer og også inkorporerer komplicerede systemer. Han eller hun bruger systemer troende principper til at fastslå, hvilket system, der har brug for renovering, og som man skal slippe af med. De, der vælger denne profession sti vil helt sikkert være i konstant kontakt med komplicerede systemer. Ikke desto mindre, systemer design ikke blot fokuserer på komplicerede systemer. Faktisk omfatter det flere typer af systemer. Dette erhverv har mange forskellige former for arbejde. Hold læsning for at finde ud af mere om arbejde og erhverv overblik. En Systems Engineer koordinerer jobbet for design teamet og også forskellige andre job til at skabe og også kontrollere elementer. Deres pligt er at styre det teknologiske initiativ og tjene som den vigtigste kommunikationskanal. De er som en dirigent for et band. Systems designeren overvåger at sikre, at alle systemer fungerer korrekt samt ikke squandere ressourcer. En Systems Engineer skal være flittig, kreativ og aggressiv, når deali",3
"Forskere i Neuroimaging og Stroke Recovery Laboratory på Beth Israel Deaconess Medical Center / Harvard Medical School anvender en ny behandling for patienter med kronisk slagtilfælde. Den ikke-invasive teknik af dual-hemisphere transkraniel direkte strøm stimulation (tDCS) bruger elektrisk stimulation til at modulere hjernens aktivitet, mens samtidig engagere den paretiske arm / hånd i sensorimotoriske aktiviteter. De studerede kroniske slagtilfælde patienter, der havde bevægelsesproblemer efter et slagtilfælde i en randomiseret klinisk forsøg. Patienterne blev opdelt i grupper, der modtog enten den elektriske stimulation eller placebo stimulation, mens de modtog erhvervsmæssig terapi (OT) på samme tid. Efter kun 5 behandling sessioner, patienter modtager reel stimulation og OT signifikant forbedret i deres motoriske funktioner, mens kontrol patienter (modtagelse placebo stimulation og OT) viste ingen signifikant forbedring.",3
"Organtransplantation er flytning af et organ fra et organ til et andet eller fra en donor sted til et andet sted på patienten bearbejder egen krop, med henblik på at erstatte modtageren beskaeftigelse beskadiget eller fraværende organ. Den nye felt regenerative medicin er gør det muligt for forskere og ingeniører til at skabe organer, der skal genvokses fra patientens egne celler (stamceller, eller celler udvundet af de svigtende organer). Organer og / eller væv, der er transplanteret inden for samme person befolkningsgrupper kaldes autografer. Transplants, der for nylig udføres mellem to personer af samme art kaldes allografts. Allografts kan enten være fra en levende eller cadaveric kilde. Organer, der kan transplanteres er hjerte, nyrer, lever, lunger, bugspytkirtel, tarm, og thymus. Tissues omfatter knogler, sener (begge benævnt som muskuloskeletale poder), cornea, hud, hjerteklapper og vener.",4
"Mens regnen ankommer for at lindre dig fra den sweltende varme, det bringer også sammen svingende temperaturer, luftfugtighed, og en hamstring af patogener, som du har lyst til at holde væk fra dit barn. Overgangen fra den udtørrende varme til hældning regn har ofte ramt voksne med anfald og besværgelser af fælles forkølelse og infektioner. Derfor er det så meget mere nødvendigt at sikre din lie-one-system er forberedt på at vade gennem det. Sanitation: En absolut ren fejning Det er en selvindlysende kendsgerning, at et rent miljø er det sikreste for babyer og småbørn (Sværheden af at holde dette er også anerkendt.) Vejret ændringer yderligere kræver mere opmærksomhed, da mikrober fylder luften og kan inficere og inficere dit rum let. Sørg for, at gulvet, legeområdet, og legetøjet desinficeres og ofte i monsunerne for at holde skadedyr og svampe på afstand. Sørg for, at dit opbevaringssystem er lufttæt og overvåget ved at tilføje datoer på etiketter.",3
"Denne tutorial er en illustration af, hvordan en simpel hver dag funktion kan blive højere orden, øge dens nytteværdi i processen. En lang række af vores måder vil pick up andre tricks kan vi vælge at vælge hvordan en funktion bliver Højere Orderby Limbic~Region (Chancellor) den 16. september 2005 kl.15:51 UTC??Hverken Højere Order Perl, af Dominus, er blevet en meget populær bog. Det blev skrevet til at undervise programmører hvordan man kan omdanne programmer med programmer. Mange af os, der ikke har kendskab til Functional Programmering er ikke klar over, hvad en Højere Order funktion er. Det er en funktion, der gør mindst en af de to følgende ting: For nogle, kan du stoppe med at læse her, fordi du allerede ved, hvad Højere Order funktioner er - du vidste bare ikke, hvad de blev kaldt. I Perl terminologi, vi ofte henvise til dem som tilbagekald, fabrikker og funktioner, der returnerer kode refs (normalt lukninger). Selv hvis du er bekendt med disse vilkår, kan du ikke være bekendt med hvordan du bruge dem.",3
"Opmuntrende en innovativ mindset i studerende er vigtigt, fordi de job, de vil have i fremtiden endnu ikke eksisterer i dag. Derfor skoler i stigende grad beder om midler til 3D-printere, robotics arenaer, og makerspaces. Mens disse skinnende nye værktøjer er typisk reserveret til STEM-felter, engelsk og humaniora lærere kan bruge en skoles makerspace til at bygge på indhold. Udskrivning af et Symbol Undervisning symbolisme kan være vanskeligt. For at hjælpe mine elever indse, at symboler er håndgribelige objekter og ikke blot ideer, jeg har dem udskrive et symbol fra en bog ved hjælp af en 3D-printer og derefter forklare symbolismen bag emnet ved hjælp af bogen [funktion] kontekst. Selv uden en 3D-printer, studerende kan skabe symboler, der relaterer til specifikke i klassen tekster. Holde symbolerne i klasseværelset hele året ~ for at minde eleverne om fælles ærketyper ~er en måde at forbinde makerspace arbejde med større ideer i det engelske klasseværelse. For eksempel, en gruppe studerende var at læse Giver. Efter læring om symbolisme, de blev bedt om at minde eleverne om at minde eleverne om fælles arketytytytyngder.",4
"Køb af økologiske frugter og grøntsager kan være meget dyrt, men en rapport udstedt af præsidentens Cancer Panel i 2010 anbefalede at spise produkter uden pesticider for at reducere risikoen for kræft og andre sygdomme. Hvad gør du? Ifølge Miljø Working Group (et konsortium af politiske beslutningstagere, forskere og forskere), kan visse typer af økologiske produkter reducere mængden af toksiner, du forbruger med helt op til 80%. Så hvilke frugter og grøntsager er de vigtigste at købe økologiske. Følgende er en henstilling fra Christa Orecchio, en klinisk ernæringsekspert og Holistisk sundhedsrådgiver. Hun refererer til de valg, som de Dirty Dozen [The Clean 15] og [The Clean 15] The Dirty Dozen refererer til disse elementer, du ønsker at købe ORGANICC. seller...Perrier...Dome Buebær...Cherries...Nectarines...Potatoes...Sweet Bell Peppers...Imported Drues...Apples...Letuce...Spinach/Kale purcharars...Cherries...Cherries........",3
"Utes gøre plads for bosættere i Animas Valley For bosættere, tidlige dage på Waterfall Ranch og i Animas Valley var backbreaking og begivenhedsrige. Overvej: - En vis mængde lovløshed herskede. En 1876 Wild West-type shootout blev ansporet af et argument blandt naboer over noget Westerners stadig prale om i dag: vand. - Trusler om indiske angreb brød. - Breaking jorden og rydde jorden for gårde var vanskeligt arbejde med usikre belønninger. Bliv tunet for shootout historie i et kommende kapitel, men lad os først se ind i, hvad bragte hvide mennesker til Southwest Colorado. Prospectors begyndte først ankommer i San Juan bjergene omkring 1860-1861. Baker part, som etablerede en lejr omkring Bakers broen på det tidspunkt, er den mest bemærkelsesværdige af disse. Charles Baker mente, at der var guld at være i San Juans, og han spredte ordet.",3
"Kronbladene åbner op fra vægten af fuglen for at afsløre pollenbærende støvdragere. Det er altid bedst at gøre en lille forskning, før du køber en plante for at sikre, at det er et godt valg for din have. Disse petite blomster kan vare så længe som 14 dage, når godt holdt! Med ordentlig omhu, en fugl af paradis kan vokse til over seks fod høje, selv indendørs. Fugle af paradis er store, relativt nemme at dyrke planter, der giver en fed tropisk flair til ethvert indendørs rum. Men nogle gange, det er vitalt for døde hoved fugl af paradis, og jeg vil gøre mit bedste for at dele nogle ekspert tips for dig. For at gøre fugl af paradis blomst, skal de rette vækstbetingelser opfyldes. Rub en ren bomuld swab over støvdragerne. Er Eucalyptus træer Egnet til små haver? Nye skud kommer fra bunden af planten til at producere flere sæt blade. Når du har besluttet, hvad du ønsker for din have, du vil planlægge, vil du gå ud. Hvis du købe en bestemt blomst. Hvis du er sikker på at købe en vis nogen til at sælge det kommer til at udsætte nogen for at eks.",3
"Mere bevis på, at spille musik til din baby er en god ting Brug hjernescanninger, finske forskere opdagede, at spædbørn, der lyttede til ""Twinkle Twinkle Little Star"" in utero anerkendt melodien op til fire måneder efter fødslen. Det er den første undersøgelse til at måle, hvor længe fosterhukommelser sidste. University of Helsinki forskere adskilte kvinder, der var i deres tredje trimester af graviditeten i to grupper. En gruppe tjente som en kontrol, mens den anden gruppe lyttede til melodien fra Twinkle Twinkle Little Star! i fem dage om ugen. Da babyer blev født, spillede forskerne musikken og gennem hjernescanninger, opdagede, at de genkendt melodien straks. En anden undersøgelse udført fire måneder senere viste, at de stadig anerkendte sangen. Spille lidt ændret eller revideret versioner af melodien ikke producere den samme effekt. Subscribe for kontraintuitive, overraskende, og virkningsfulde historier leveret til din indbakke hver torsdag Hvad er Big Idea?",4
"- Det er tid til at Whack Greenhouse Gas Endangerment Find - august 30, 2019 - Costly Wind Power Menaces Man and Nature - Maj 21, 2019 - Geo-engineering: Ignorere konsekvenserne - November 27, 2018 Nu da spændingen over nyheden, at 2017 var en af de varmeste år på rekord er døde ned, er det tid til en sober anden tanke. Gjorde januar 18 annonceringer af National Oceanic og Atmospheric Administration (NOAA) at 2017 var den tredje-hottest år, og NASA ~s hævder, at det var den anden varmeste år, siden 1880, faktisk betyde noget? Selv om Los Angeles Times kaldet 2017 ~a top-tre skår for planeten Jorden, ~ hverken NOAA eller NASA optegnelser er betydelige. Man ville naturligvis forvente de varmeste år til at være på toppen af en opvarmning rekord. Og gudskelov vi har været i en gradvis opvarmning tendens siden dybder af Little Ageouse i den sene tid.",4
"Tænker på, hvordan man laver smarte noter og hvordan man forbereder noter til enhver eksamen. Du kan lære at lave noter og hvordan man udarbejder noter med tips om, hvordan man laver smarte noter, og hvordan man laver gode noter, strategier om, hvordan man laver noter til eksamener med hemmeligheder om, hvordan man forbereder noter til enhver eksamen og hvordan man laver god kvalitet noter Vi vil dække de bedste teknikker til de fem trin i notatet tager • - Trin 1 • Tager noter i klasseværelset - Trin 2 • Lave noter fra tekstbogen - Trin 3 • Revising og analyse af indholdet - Trin 4 • Husk materiale, der skal læres - Trin 5 • Organisering af papirer og andre materialer Trin 1 • Klasseværelse noter Normalt i et klasseværelse, skitsere metode til at tage noter fungerer bedst, især når emnet er ikke-matematisk - Enkel og lige frem ~ kan gøres på en computer - Giver dig mulighed for at tilføje punkter senere så godt - Let at gøre dette i klassen - Ikke egnet til emner som kemi og math, der består af formler og diagrammer - virker godt - hvis det virker godt, hvis det, hvis det virker godt, hvis det, hvis det virker godt",4
"Forskere på Johns Hopkins University udviklet kunstig intelligens teknologi, der kan være i stand til at vurdere en patients risiko for pludselig hjertedød, som er, når hjertet brat stopper beating. Nogle gange, moderne medicin er ikke nok til at hjælpe med at holde os sunde. The Johns Hopkins University forskere sagde kunstig intelligens kan hjælpe præcist forudsige, hvis og når nogen vil holde op med at slå år i forvejen. •Det bruger dyb læring på billeder i kombination med dyb læring også på kliniske data til at forudsige patientens risiko for pludselig hjertedød over en periode på 10 år, • sagde Dr. Natalia Trayanova, en professor i biomedicinsk ingeniørvidenskab og medicin. Trayanova •s team udviklet AI-teknologi og offentliggjort deres arbejde i et medicinsk tidsskrift. Hun sagde denne overlevelse forudsiger er den første af sin art og arbejder ved at analysere arvæv i en patients hjerte, som opdager usynlige mønstre til det blotte øje.",4
"En CNN-overskrift hævder, at Blame genetik for dårlig kørsel, undersøgelse finder.! Gener for, men, er farlige ord i genetik. Undersøgelsen, som er blandt de første genomiske undersøgelser på oddere, fandt, at både havodder og gigantiske odder har mistet et betydeligt antal gener relateret til følelsen af lugt • et fakultet, der er Forskere har bestemt den første-ever komplette sekvenser af to edderkoppelim gener. Spiderlim er en modificeret form for edderkoppesilke, der holder en edderkoppedyr bytte fast i sit net, og det kunne have applikationer i økologisk skadedyrskontrol og videre. Kilde: First-ever edderkoppelim gener sekventeret, brolægning måde til næste biomaterialer gennembrud: Huge edderkoppelim gener viste sig usædvanligt udfordrende at sekvens, kunne føre til organisk skadedyrskontrol og mere ~ ScienceDaily Ny beregningsmæssige analyse finder, at mere end to dusin humane finger transskriptionsfaktorer, tidligere menes at kontrollere aktivitet af lignende gener på tværs af mennesker har i virkeligheden human-specifikke roller og kunne hjælpe til at forklare, hvordan man kan hjælpe med at finde på, hvordan man kan hjælpe på en organisk skadedyr og hvordan man kan forklare hvordan man kan finde på en ny beregning af en anden måde.",4
"I 1888 blev Martinus Beijerinck isoleret en type symbiotiske bakterier kaldet rhizobium, som er blevet implementeret i landbruget. Her, symbiotiske relationer, afgørende for sundheden af afgrøder, dannes. I 1888 Martinus Beijerinck isoleret en type symbiotiske bakterier kaldet rhizobium, som er blevet implementeret i landbruget, som er blevet implementeret i landbruget, og som er blevet implementeret i landbruget for at nå 9,8 milliarder i 2050, spørgsmålet om at udvikle effektive midler til at matche fødevareforsyningen med efterspørgslen har været på dagsordenen før den grønne revolution. Den manglende evne af konventionelt landbrug til at opnå den nødvendige 70-100% stigning i produktiviteten til at fodre verden med 2050 er bekymrende.",4
"Publiceret: 12/20/2010 - Opdateret: 02/04/2018 Ørerne er sanseorganer, der er ansvarlige for hørelse og balance, af sin position i den højeste del af kroppen, hvor, ifølge traditionel kinesisk Medicin, Qi Yang rene stande, de betragtes som en af ""rene huller."" I traditionel kinesisk Medicin, ører opfattes ikke som uafhængige sanseorganer, men som en del af hele kroppen. Det anses, at ""ørerne er mødestedet for alle meridianerne (kanaler, hvorigennem Qi og blod cirkulerer)."" På grund af dette fund, forholdet mellem ører og resten af kroppen er meget smalt, så sygdommen eller specifikke organ dysfunktion kan ofte afspejles gennem meridianerne i ørerne, også, hvis der er nogen ændring i ørerne, der kan påvirke hele kroppen. På trods af sin forbindelse med forskellige organer og meridianer, ører opretholde en fysiologisk og patologisk forbindelse tættere med nyre, hjerte, galdeblad, lever og milt. KIDNEY: ører betragtes som hullerne.",4
